Predicate ID,Triple,Sentence ID,Sentence,Is Correct,Question,Answer,,
10592604,Arboviruses process of Lepus capensis,16,Seroprevalence of tick-borne and mosquito-borne arboviruses in European brown hares in Northern and Western Germany.,False,Is the triple 'Arboviruses process of Lepus capensis' supported by the sentence: 'Seroprevalence of tick-borne and mosquito-borne arboviruses in European brown hares in Northern and Western Germany.'?,"No, the triple 'Arboviruses process of Lepus capensis' is not supported by the sentence. The sentence talks about European brown hares but does not mention Lepus capensis, which is a species of hare. It also only mentions arboviruses as something hares can be infected by, but doesn't discuss any specific process pertaining to these viruses.",,
10592697,Tahyna virus is a California Group Viruses,17,"Tribec virus (Kemerovo serogroup, genus Orbivirus), Eyach virus (genus Coltivirus), and Tahyna virus (California encephalitis serogroup, genus Bunyavirus) are arthropod-borne viruses known to occur in Germany.",True,"Is the triple 'Tahyna virus is a California Group Viruses' supported by the sentence: 'Tribec virus (Kemerovo serogroup, genus Orbivirus), Eyach virus (genus Coltivirus), and Tahyna virus (California encephalitis serogroup, genus Bunyavirus) are arthropod-borne viruses known to occur in Germany.'?","Yes, the triple 'Tahyna virus is a California Group Viruses' is supported by the sentence. The sentence mentions that the Tahyna virus belongs to the California encephalitis serogroup, which means it is a part of the California group of viruses.",,
10592728,Eyach virus is a Coltivirus,17,"Tribec virus (Kemerovo serogroup, genus Orbivirus), Eyach virus (genus Coltivirus), and Tahyna virus (California encephalitis serogroup, genus Bunyavirus) are arthropod-borne viruses known to occur in Germany.",True,"Is the triple 'Eyach virus is a Coltivirus' supported by the sentence: 'Tribec virus (Kemerovo serogroup, genus Orbivirus), Eyach virus (genus Coltivirus), and Tahyna virus (California encephalitis serogroup, genus Bunyavirus) are arthropod-borne viruses known to occur in Germany.'?","Yes, the triple 'Eyach virus is a Coltivirus' is supported by the sentence.",,
10592759,California Group Viruses is a Arboviruses,17,"Tribec virus (Kemerovo serogroup, genus Orbivirus), Eyach virus (genus Coltivirus), and Tahyna virus (California encephalitis serogroup, genus Bunyavirus) are arthropod-borne viruses known to occur in Germany.",False,"Is the triple 'California Group Viruses is a Arboviruses' supported by the sentence: 'Tribec virus (Kemerovo serogroup, genus Orbivirus), Eyach virus (genus Coltivirus), and Tahyna virus (California encephalitis serogroup, genus Bunyavirus) are arthropod-borne viruses known to occur in Germany.'?","No, the triple 'California Group Viruses is a Arboviruses' is not supported by the sentence. The sentence mentions the ""California encephalitis serogroup, genus Bunyavirus"" as being arthropod-borne viruses known to occur in Germany, but it does not specify that these are part of the 'California Group Viruses'.",,
10592832,Disease process of Human,18,These viruses are also suspected to cause human disease.,False,Is the triple 'Disease process of Human' supported by the sentence: 'These viruses are also suspected to cause human disease.'?,"No, the triple 'Disease process of Human' is not supported by the sentence: 'These viruses are also suspected to cause human disease.'",,
10592873,Virus causes Disease,18,These viruses are also suspected to cause human disease.,True,Is the triple 'Virus causes Disease' supported by the sentence: 'These viruses are also suspected to cause human disease.'?,"Yes, the triple 'Virus causes Disease' is supported by the sentence 'These viruses are also suspected to cause human disease.'",,
10593057,Lepus capensis location of Antibodies,23,"For the first time, antibodies against Tribec virus could be found in a European brown hare in Germany.",False,"Is the triple 'Lepus capensis location of Antibodies' supported by the sentence: 'For the first time, antibodies against Tribec virus could be found in a European brown hare in Germany.'?","No, the triple 'Lepus capensis location of Antibodies' is not supported by the sentence. The sentence refers to antibodies in a European brown hare, not a Lepus capensis. Furthermore, the location provided in the sentence is Germany, not Lepus capensis.",,
10593208,Binding Protein part of FHL1,26,"Structure-function mapping of BbCRASP-1, the key complement factor H and FHL-1 binding protein of Borrelia burgdorferi.",True,"Is the triple 'Binding Protein part of FHL1' supported by the sentence: 'Structure-function mapping of BbCRASP-1, the key complement factor H and FHL-1 binding protein of Borrelia burgdorferi.'?","Yes, the triple 'Binding Protein part of FHL1' is supported by the sentence. The sentence mentions 'FHL-1 binding protein' which indicates that there is a binding protein that is part of FHL-1.",,
10593243,COMPLEMENT FACTOR H|CFH part of Borrelia burgdorferi,26,"Structure-function mapping of BbCRASP-1, the key complement factor H and FHL-1 binding protein of Borrelia burgdorferi.",True,"Is the triple 'COMPLEMENT FACTOR H|CFH part of Borrelia burgdorferi' supported by the sentence: 'Structure-function mapping of BbCRASP-1, the key complement factor H and FHL-1 binding protein of Borrelia burgdorferi.'?","Yes, the triple 'COMPLEMENT FACTOR H|CFH part of Borrelia burgdorferi' is supported by the sentence. The sentence mentions that BbCRASP-1 is a key complement factor H (CFH) binding protein of Borrelia burgdorferi.",,
10593287,Binding Protein part of Borrelia burgdorferi,26,"Structure-function mapping of BbCRASP-1, the key complement factor H and FHL-1 binding protein of Borrelia burgdorferi.",True,"Is the triple 'Binding Protein part of Borrelia burgdorferi' supported by the sentence: 'Structure-function mapping of BbCRASP-1, the key complement factor H and FHL-1 binding protein of Borrelia burgdorferi.'?","Yes, the triple 'Binding Protein part of Borrelia burgdorferi' is supported by the sentence. BbCRASP-1, a binding protein, is indicated to be part of Borrelia burgdorferi.",,
10593621,XS part of Borrelia burgdorferi,34,Functionality of Borrelia burgdorferi LuxS: the Lyme disease spirochete produces and responds to the pheromone autoinducer-2 and lacks a complete activated-methyl cycle.,False,Is the triple 'XS part of Borrelia burgdorferi' supported by the sentence: 'Functionality of Borrelia burgdorferi LuxS: the Lyme disease spirochete produces and responds to the pheromone autoinducer-2 and lacks a complete activated-methyl cycle.'?,"No, the triple 'XS part of Borrelia burgdorferi' is not supported by the sentence. The sentence does not mention anything about 'XS' in relation to Borrelia burgdorferi.",,
10593815,XS produces homocysteine,39,"While a large number of bacteria utilize homocysteine, the other LuxS product, for synthesis of methionine as part of the activated-methyl cycle, B. burgdorferi was found to lack that ability.",False,"Is the triple 'XS produces homocysteine' supported by the sentence: 'While a large number of bacteria utilize homocysteine, the other LuxS product, for synthesis of methionine as part of the activated-methyl cycle, B. burgdorferi was found to lack that ability.'?","No, the triple 'XS produces homocysteine' is not supported by the sentence. The sentence does not provide information about XS producing homocysteine.",,
10593856,Bacteria interacts with Methionine,39,"While a large number of bacteria utilize homocysteine, the other LuxS product, for synthesis of methionine as part of the activated-methyl cycle, B. burgdorferi was found to lack that ability.",False,"Is the triple 'Bacteria interacts with Methionine' supported by the sentence: 'While a large number of bacteria utilize homocysteine, the other LuxS product, for synthesis of methionine as part of the activated-methyl cycle, B. burgdorferi was found to lack that ability.'?","No, the triple 'Bacteria interacts with Methionine' is not supported by the sentence. The sentence states that a large number of bacteria use homocysteine for the synthesis of methionine, but it does not explicitly say that bacteria interact with methionine. Additionally, the specific bacteria type, B. burgdorferi, mentioned in the sentence does not have the ability to synthesize methionine.",,
10593932,Pheromone affects Gene Expression,40,We propose that the main function of B. burgdorferi LuxS is to synthesize DPD and that the Lyme disease spirochete utilizes a form of DPD as a pheromone to control gene expression.,True,Is the triple 'Pheromone affects Gene Expression' supported by the sentence: 'We propose that the main function of B. burgdorferi LuxS is to synthesize DPD and that the Lyme disease spirochete utilizes a form of DPD as a pheromone to control gene expression.'?,"Yes, the triple 'Pheromone affects Gene Expression' is supported by the sentence. The sentence suggests that the Lyme disease spirochete uses a form of DPD as a pheromone to control gene expression.",,
10594285,B.S.S. treats Adult,50,"I. ricinus nymphs harbored almost exclusively B. burgdorferi s.s. and B. garinii OspA type 4, while in adults a broad variety of B. burgdorferi s.l. types was found.",False,"Is the triple 'B.S.S. treats Adult' supported by the sentence: 'I. ricinus nymphs harbored almost exclusively B. burgdorferi s.s. and B. garinii OspA type 4, while in adults a broad variety of B. burgdorferi s.l. types was found.'?","No, the triple 'B.S.S. treats Adult' is not supported by the sentence. The sentence talks about B. burgdorferi s.s. being found in adults and not about it treating adults.",,
10594435,host part of Vertebrates,53,These data strongly suggest that B. burgdorferi s.s. and B. garinii OspA type 4 are maintained in these areas by specific transmission cycles involving a so far undetermined vertebrate host which is frequently fed on by I. ricinus larvae.,True,Is the triple 'host part of Vertebrates' supported by the sentence: 'These data strongly suggest that B. burgdorferi s.s. and B. garinii OspA type 4 are maintained in these areas by specific transmission cycles involving a so far undetermined vertebrate host which is frequently fed on by I. ricinus larvae.'?,"Yes, the triple 'host part of Vertebrates' is supported by the sentence. The sentence mentions a 'vertebrate host' which indicates that the host is part of the vertebrate group.",,
10594472,B.S.S. affects host,53,These data strongly suggest that B. burgdorferi s.s. and B. garinii OspA type 4 are maintained in these areas by specific transmission cycles involving a so far undetermined vertebrate host which is frequently fed on by I. ricinus larvae.,False,Is the triple 'B.S.S. affects host' supported by the sentence: 'These data strongly suggest that B. burgdorferi s.s. and B. garinii OspA type 4 are maintained in these areas by specific transmission cycles involving a so far undetermined vertebrate host which is frequently fed on by I. ricinus larvae.'?,"No, the triple 'B.S.S. affects host' is not supported by the sentence. The sentence suggests that B. burgdorferi s.s. is maintained in specific areas through transmission cycles involving a host, but it doesn't explicitly state that B.S.S. affects the host.",,
10594584,Farm Animals is a Animals,55,Monitoring of antimicrobial resistance in pathogenic bacteria from livestock animals.,False,Is the triple 'Farm Animals is a Animals' supported by the sentence: 'Monitoring of antimicrobial resistance in pathogenic bacteria from livestock animals.'?,"No, the given sentence does not support the triple 'Farm Animals is a Animals'. The sentence discusses about pathogenic bacteria in livestock animals, but does not provide information on farm animals being a category of animals.",,
10594689,Disease process of Farm Animals,57,The establishment of corresponding management options relies on scientifically defensible efforts to obtain objective data on the prevalence of bacterial resistance in healthy and diseased livestock.,False,Is the triple 'Disease process of Farm Animals' supported by the sentence: 'The establishment of corresponding management options relies on scientifically defensible efforts to obtain objective data on the prevalence of bacterial resistance in healthy and diseased livestock.'?,"No, the triple 'Disease process of Farm Animals' is not supported by the sentence. The sentence discusses the management of bacterial resistance in healthy and diseased livestock, but does not directly speak on the disease process of farm animals.",,
10594898,Therapeutic procedure uses Microbicides,62,"This incorporates regional differences in animal population density, (2) the avoidance of \""copy strains\",False,"Is the triple 'Therapeutic procedure uses Microbicides' supported by the sentence: 'This incorporates regional differences in animal population density, (2) the avoidance of \""copy strains\'?","No, the triple 'Therapeutic procedure uses Microbicides' is not supported by the sentence: 'This incorporates regional differences in animal population density, (2) the avoidance of ""copy strains'. The sentence does not mention anything about any therapeutic procedure or the use of microbicides.",,
10595006,Therapeutic procedure uses Microbicides,64,"In applied antimicrobial therapy, the data can serve as a decision guidance in choosing the antimicrobial agent most adapted to the prevailing epidemiological situation.",False,"Is the triple 'Therapeutic procedure uses Microbicides' supported by the sentence: 'In applied antimicrobial therapy, the data can serve as a decision guidance in choosing the antimicrobial agent most adapted to the prevailing epidemiological situation.'?","No, the triple 'Therapeutic procedure uses Microbicides' is not supported by the sentence. The sentence does not mention therapeutic procedure or microbicides.",,
10595160,enrofloxacin is a Fluoroquinolones,67,"Only rare cases of resistance to enrofloxacin (fluoroquinolone) could be detected, and only 3% of bacterial strains tested proved resistant to 3rd and 4th generation cephalosporins, including substances prescribed in human medicine.",True,"Is the triple 'enrofloxacin is a Fluoroquinolones' supported by the sentence: 'Only rare cases of resistance to enrofloxacin (fluoroquinolone) could be detected, and only 3% of bacterial strains tested proved resistant to 3rd and 4th generation cephalosporins, including substances prescribed in human medicine.'?","Yes, the triple 'enrofloxacin is a Fluoroquinolones' is supported by the sentence. The section 'enrofloxacin (fluoroquinolone)' directly makes this link.",,
10595193,enrofloxacin coexists with Pharmaceutical Preparations,67,"Only rare cases of resistance to enrofloxacin (fluoroquinolone) could be detected, and only 3% of bacterial strains tested proved resistant to 3rd and 4th generation cephalosporins, including substances prescribed in human medicine.",False,"Is the triple 'enrofloxacin coexists with Pharmaceutical Preparations' supported by the sentence: 'Only rare cases of resistance to enrofloxacin (fluoroquinolone) could be detected, and only 3% of bacterial strains tested proved resistant to 3rd and 4th generation cephalosporins, including substances prescribed in human medicine.'?","No, the sentence doesn't support the triple 'enrofloxacin coexists with Pharmaceutical Preparations'.",,
10595361,Covers treats Tick-Borne Encephalitis,70,Spatial analysis revealed that the land cover and precise seasonal patterns of climatic indices (temperature and normalized difference vegetation index) can explain 55% of the observed spatial variation in TBE incidence over the period 1993-98 across all the Baltic States.,False,Is the triple 'Covers treats Tick-Borne Encephalitis' supported by the sentence: 'Spatial analysis revealed that the land cover and precise seasonal patterns of climatic indices (temperature and normalized difference vegetation index) can explain 55% of the observed spatial variation in TBE incidence over the period 1993-98 across all the Baltic States.'?,"No, the triple 'Covers treats Tick-Borne Encephalitis' is not supported by the sentence. The sentence discusses how land cover and climatic indices can explain variation in Tick-Borne Encephalitis incidence, not that 'covers' treat Tick-Borne Encephalitis.",,
10595474,Behavior process of Human,72,"Further time series analysis of climate, together with analysis of biotic factors, socio-economic conditions, and human behaviour is being undertaken to explain the epidemiological patterns more fully.",False,"Is the triple 'Behavior process of Human' supported by the sentence: 'Further time series analysis of climate, together with analysis of biotic factors, socio-economic conditions, and human behaviour is being undertaken to explain the epidemiological patterns more fully.'?","No, the triple 'Behavior process of Human' is not supported by the sentence.",,
10595632,Infection process of Adult,75,"The study objective was to prospectively determine the etiology of infection among adults exposed to tick bite and to detect acute human granulocytic anaplasmosis (HGA), a recently emerging infection, in north-eastern Poland.",False,"Is the triple 'Infection process of Adult' supported by the sentence: 'The study objective was to prospectively determine the etiology of infection among adults exposed to tick bite and to detect acute human granulocytic anaplasmosis (HGA), a recently emerging infection, in north-eastern Poland.'?","No, the sentence does not support the triple 'Infection process of Adult'.",,
10595725,Fever process of Patients,76,"We evaluated 68 patients (34 males and 34 females, mean age 44.2+/-15 years) who had fever within 4 weeks after a tick bite.",False,"Is the triple 'Fever process of Patients' supported by the sentence: 'We evaluated 68 patients (34 males and 34 females, mean age 44.2+/-15 years) who had fever within 4 weeks after a tick bite.'?","No, the triple 'Fever process of Patients' is not supported by the sentence. The sentence talks about evaluating patients who had fever after a tick bite but doesn't explain anything about the process of fever in patients.",,
10595759,Fever process of Females,76,"We evaluated 68 patients (34 males and 34 females, mean age 44.2+/-15 years) who had fever within 4 weeks after a tick bite.",False,"Is the triple 'Fever process of Females' supported by the sentence: 'We evaluated 68 patients (34 males and 34 females, mean age 44.2+/-15 years) who had fever within 4 weeks after a tick bite.'?","No, the triple 'Fever process of Females' is not supported by the sentence. The sentence discusses fever in patients (both males and females) after a tick bite, but it does not specifically discuss or compare the process of fever in females.",,
10595794,Fever process of Males,76,"We evaluated 68 patients (34 males and 34 females, mean age 44.2+/-15 years) who had fever within 4 weeks after a tick bite.",True,"Is the triple 'Fever process of Males' supported by the sentence: 'We evaluated 68 patients (34 males and 34 females, mean age 44.2+/-15 years) who had fever within 4 weeks after a tick bite.'?",Yes,,
10595906,Recombinant DNA part of 16s,78,Microscopic examination of EDTA whole blood and nested PCR targeting A. phagocytophilum 16S rDNA gene fragment were carried out at enrolment.,False,Is the triple 'Recombinant DNA part of 16s' supported by the sentence: 'Microscopic examination of EDTA whole blood and nested PCR targeting A. phagocytophilum 16S rDNA gene fragment were carried out at enrolment.'?,"No, the triple 'Recombinant DNA part of 16s' is not supported by the sentence. The sentence mentions '16S rDNA gene fragment', but it does not make any explicit reference to 'Recombinant DNA'.",,
10595985,Tick-Borne Infections process of Individual,79,Tick-borne infections were diagnosed in 57 individuals (84%).,True,Is the triple 'Tick-Borne Infections process of Individual' supported by the sentence: 'Tick-borne infections were diagnosed in 57 individuals (84%).'?,Yes,,
10596143,"Glossitis, Benign Migratory process of Patients",81,"Tick-borne encephalitis (TBE) was revealed in 49 cases; in 39 patients as a single infection, in three patients concurrent with erythema migrans or other Lyme borreliosis symptoms, in five patients concurrent with probable or possible Lyme borreliosis, and in two patients concurrent with A. phagocytophilum infection.",False,"Is the triple 'Glossitis, Benign Migratory process of Patients' supported by the sentence: 'Tick-borne encephalitis (TBE) was revealed in 49 cases; in 39 patients as a single infection, in three patients concurrent with erythema migrans or other Lyme borreliosis symptoms, in five patients concurrent with probable or possible Lyme borreliosis, and in two patients concurrent with A. phagocytophilum infection.'?","No, the triple 'Glossitis, Benign Migratory process of Patients' is not supported by the sentence. The sentence mentions tick-borne encephalitis and Lyme borreliosis, but it does not mention Glossitis, a benign migratory process of patients.",,
10596167,"Glossitis, Benign Migratory is a Symptoms",81,"Tick-borne encephalitis (TBE) was revealed in 49 cases; in 39 patients as a single infection, in three patients concurrent with erythema migrans or other Lyme borreliosis symptoms, in five patients concurrent with probable or possible Lyme borreliosis, and in two patients concurrent with A. phagocytophilum infection.",False,"Is the triple 'Glossitis, Benign Migratory is a Symptoms' supported by the sentence: 'Tick-borne encephalitis (TBE) was revealed in 49 cases; in 39 patients as a single infection, in three patients concurrent with erythema migrans or other Lyme borreliosis symptoms, in five patients concurrent with probable or possible Lyme borreliosis, and in two patients concurrent with A. phagocytophilum infection.'?","No, this triple is not supported by the sentence since there is no mention of 'Glossitis, Benign Migratory' as a symptom of any of the conditions described.",,
10596383,Diagnosis treats Patients,82,Diagnosis of HGA was confirmed in one patient by PCR and in another one by seroconversion.,False,Is the triple 'Diagnosis treats Patients' supported by the sentence: 'Diagnosis of HGA was confirmed in one patient by PCR and in another one by seroconversion.'?,"No, the triple 'Diagnosis treats Patients' is not supported by the sentence. The sentence mentions confirming a diagnosis, but does not imply treatment.",,
10596492,Immunofluorescence diagnoses Infection,83,"In two further individuals, A. phagocytophilum infection was confirmed by immunofluorescence (antibody titers > or = 1:128), which, however, does not fulfil the ESCAR (European Society of Clinical Microbiology and Infectious Diseases Study Group on Coxiella, Anaplasma, Rickettsia, and Bartonella) criteria for HGA case definition.",True,"Is the triple 'Immunofluorescence diagnoses Infection' supported by the sentence: 'In two further individuals, A. phagocytophilum infection was confirmed by immunofluorescence (antibody titers > or = 1:128), which, however, does not fulfil the ESCAR (European Society of Clinical Microbiology and Infectious Diseases Study Group on Coxiella, Anaplasma, Rickettsia, and Bartonella) criteria for HGA case definition.'?","Yes, the triple 'Immunofluorescence diagnoses Infection' is supported by the sentence as it shows that an infection was confirmed using immunofluorescence.",,
10596565,Lyme Disease process of Patients,84,Lyme borreliosis was diagnosed in 16 patients, in six of them as a single infection.,False,Is the triple 'Lyme Disease process of Patients' supported by the sentence: 'Lyme borreliosis was diagnosed in 16 patients, in six of them as a single infection.'?,"No, the triple 'Lyme Disease process of Patients' is not supported by the sentence."
10596660,Lyme Disease process of Individual,85,Both confirmed HGA cases and seropositive individuals had A. phagocytophilum infection concurrent either with Lyme borreliosis (two cases) or with TBE (two cases).,False,Is the triple 'Lyme Disease process of Individual' supported by the sentence: 'Both confirmed HGA cases and seropositive individuals had A. phagocytophilum infection concurrent either with Lyme borreliosis (two cases) or with TBE (two cases).'?,"No, the triple 'Lyme Disease process of Individual' is not supported by the sentence. The sentence discusses HGA cases and seropositive individuals with concurrent infections of A. phagocytophilum and either Lyme borreliosis or TBE, but it doesn't provide information about the process of Lyme Disease in an individual.",,
10596772,Disease process of Adult,87,TBE was found the most prevalent disease among adults with febrile illnesses occurring after a tick bite in north-eastern Poland.,True,Is the triple 'Disease process of Adult' supported by the sentence: 'TBE was found the most prevalent disease among adults with febrile illnesses occurring after a tick bite in north-eastern Poland.'?,"Yes, the triple 'Disease process of Adult' is supported by the sentence. The sentence talks about TBE (Tick-borne encephalitis), which is a prevalent disease among adults.",,
10596805,Disorder characterized by fever process of Adult,87,TBE was found the most prevalent disease among adults with febrile illnesses occurring after a tick bite in north-eastern Poland.,False,Is the triple 'Disorder characterized by fever process of Adult' supported by the sentence: 'TBE was found the most prevalent disease among adults with febrile illnesses occurring after a tick bite in north-eastern Poland.'?,"No, the triple 'Disorder characterized by fever process of Adult' is not supported by the sentence. The sentence mentions TBE (Tick-borne encephalitis) as the most prevalent disease in adults with febrile illnesses after a tick bite in north-eastern Poland. But it does not specifically characterize a disorder by fever process in adults.",,
10597199,"4,5-dibromo-2-pyrrolic acid compared with 1-oleoyl-2-stearoylphosphatidylcholine",97,Comparison of dbpA sequences with ospC sequences from a subset of 59 strains revealed all kinds of cross-connections indicating processes of lateral gene transfer among strains.,False,"Is the triple '4,5-dibromo-2-pyrrolic acid compared with 1-oleoyl-2-stearoylphosphatidylcholine' supported by the sentence: 'Comparison of dbpA sequences with ospC sequences from a subset of 59 strains revealed all kinds of cross-connections indicating processes of lateral gene transfer among strains.'?","No, the triple '4,5-dibromo-2-pyrrolic acid compared with 1-oleoyl-2-stearoylphosphatidylcholine' is not supported by the sentence. The sentence talks about the comparison of dbpA and ospC sequences among strains, not about the comparison of '4,5-dibromo-2-pyrrolic acid and 1-oleoyl-2-stearoylphosphatidylcholine'.",,
10597287,"4,5-dibromo-2-pyrrolic acid inhibits DNA",98,"The extent of sequence identity within the dbpA genes decreases from the DNA (67%) to the amino acid (AA) level (44%) by about 23%, in contrast ospC sequence identities differed only by about 10%.",False,"Is the triple '4,5-dibromo-2-pyrrolic acid inhibits DNA' supported by the sentence: 'The extent of sequence identity within the dbpA genes decreases from the DNA (67%) to the amino acid (AA) level (44%) by about 23%, in contrast ospC sequence identities differed only by about 10%.'?","No, the triple '4,5-dibromo-2-pyrrolic acid inhibits DNA' is not supported by the provided sentence.",,
10597421,"4,5-dibromo-2-pyrrolic acid interacts with Specific antigen",100,Immunoblots using four recombinant DbpAs representing groups I-IV show that DbpA proteins are sensitive and specific antigens and complement one another in their reactivity.,False,"Is the triple '4,5-dibromo-2-pyrrolic acid interacts with Specific antigen' supported by the sentence: 'Immunoblots using four recombinant DbpAs representing groups I-IV show that DbpA proteins are sensitive and specific antigens and complement one another in their reactivity.'?","No, the triple '4,5-dibromo-2-pyrrolic acid interacts with Specific antigen' is not supported by the sentence. The sentence does not mention '4,5-dibromo-2-pyrrolic acid' at all.",,
10597542,Neuropeptides affects Inflammation,102,"A neuropeptide in immune-mediated inflammation, Y?",True,"Is the triple 'Neuropeptides affects Inflammation' supported by the sentence: 'A neuropeptide in immune-mediated inflammation, Y?'?","Yes, the triple 'Neuropeptides affects Inflammation' is supported by the sentence 'A neuropeptide in immune-mediated inflammation, Y?' since it indicates that a neuropeptide plays a role in inflammation, specifically through an immune-mediated process.",,
10597633,Crosstalk causes Autoimmunity,103,Disturbances in crosstalk between the immune system and the sympathetic nervous system (SNS) can contribute to the pathogenesis of Th1-mediated autoimmunity.,True,Is the triple 'Crosstalk causes Autoimmunity' supported by the sentence: 'Disturbances in crosstalk between the immune system and the sympathetic nervous system (SNS) can contribute to the pathogenesis of Th1-mediated autoimmunity.'?,"Yes, the triple 'Crosstalk causes Autoimmunity' is supported by the sentence. The sentence indicates that disturbances in the crosstalk (interaction) between the immune system and the SNS can contribute (lead) to the pathogenesis (development of a disease or condition) of Th1-mediated autoimmunity. Hence, it's implying that crosstalk (in this context) can cause autoimmunity.",,
10597756,neuropeptide Y|NPY interacts with T-Lymphocyte,105,"The precise role of NPY has been an enigma, but a recent study provides a breakthrough, demonstrating that NPY has a bimodal role as a negative regulator of T cells and an activator of antigen-presenting cell function.",True,"Is the triple 'neuropeptide Y|NPY interacts with T-Lymphocyte' supported by the sentence: 'The precise role of NPY has been an enigma, but a recent study provides a breakthrough, demonstrating that NPY has a bimodal role as a negative regulator of T cells and an activator of antigen-presenting cell function.'?","Yes, the triple 'neuropeptide Y|NPY interacts with T-Lymphocyte' is supported by the sentence. The sentence states that NPY (neuropeptide Y) has a role as a negative regulator of T cells, which implies an interaction between NPY and T-Lymphocytes.",,
10597803,neuropeptide Y|NPY stimulates Antigen-Presenting Cells,105,"The precise role of NPY has been an enigma, but a recent study provides a breakthrough, demonstrating that NPY has a bimodal role as a negative regulator of T cells and an activator of antigen-presenting cell function.",True,"Is the triple 'neuropeptide Y|NPY stimulates Antigen-Presenting Cells' supported by the sentence: 'The precise role of NPY has been an enigma, but a recent study provides a breakthrough, demonstrating that NPY has a bimodal role as a negative regulator of T cells and an activator of antigen-presenting cell function.'?","Yes, the triple 'neuropeptide Y|NPY stimulates Antigen-Presenting Cells' is supported by the sentence. The sentence explicitly states that NPY acts as an activator of antigen-presenting cell function, which means it stimulates these cells.",,
10597925,Mammals location of Toll-like receptors,107,Toll-like receptors (TLRs) have an important role in innate immunity in mammals by recognizing conserved microbial components that are known as pathogen-associated molecular patterns (PAMPs).,False,Is the triple 'Mammals location of Toll-like receptors' supported by the sentence: 'Toll-like receptors (TLRs) have an important role in innate immunity in mammals by recognizing conserved microbial components that are known as pathogen-associated molecular patterns (PAMPs).'?,"No, the sentence does not support the triple 'Mammals location of Toll-like receptors'. The sentence explains the role of Toll-like receptors in mammals but does not specify their location.",,
10598015,Endosomes location of Compartments,108,"Although the majority of these receptors sense pathogen components on the cell surface, a subset of them (TLR3, TLR7, TLR8 and TLR9) senses viral and bacterial nucleic acids in endosomal compartments.",True,"Is the triple 'Endosomes location of Compartments' supported by the sentence: 'Although the majority of these receptors sense pathogen components on the cell surface, a subset of them (TLR3, TLR7, TLR8 and TLR9) senses viral and bacterial nucleic acids in endosomal compartments.'?","Yes, the triple 'Endosomes location of Compartments' is supported by the sentence. It mentions that certain receptors sense viral and bacterial nucleic acids in 'endosomal compartments', indicating that endosomes are indeed a location of compartments.",,
10598051,Cell surface location of receptor,108,"Although the majority of these receptors sense pathogen components on the cell surface, a subset of them (TLR3, TLR7, TLR8 and TLR9) senses viral and bacterial nucleic acids in endosomal compartments.",True,"Is the triple 'Cell surface location of receptor' supported by the sentence: 'Although the majority of these receptors sense pathogen components on the cell surface, a subset of them (TLR3, TLR7, TLR8 and TLR9) senses viral and bacterial nucleic acids in endosomal compartments.'?","Yes, the triple 'Cell surface location of receptor' is supported by the sentence. It mentions that the majority of these receptors sense pathogen components on the cell surface.",,
10598148,"RNA, Small Interfering interacts with Ribose",110,This immune activation by siRNAs can be abrogated by the 2'-ribose modification of uridines.,False,"Is the triple 'RNA, Small Interfering interacts with Ribose' supported by the sentence: 'This immune activation by siRNAs can be abrogated by the 2'-ribose modification of uridines.'?","No, the sentence does not support the triple 'RNA, Small Interfering interacts with Ribose'. The sentence indicates that the immune activation by siRNAs (Small Interfering RNAs) can be stopped by the 2'-ribose modification of uridines, but it does not directly state that siRNAs interact with ribose.",,
10598263,E2F1 gene|E2F1|UBE2L3 causes Apoptosis,112,E2F1-induced apoptosis: turning killers into therapeutics.,False,Is the triple 'E2F1 gene|E2F1|UBE2L3 causes Apoptosis' supported by the sentence: 'E2F1-induced apoptosis: turning killers into therapeutics.'?,"No, the statement 'E2F1 gene|E2F1|UBE2L3 causes Apoptosis' is not supported by the sentence 'E2F1-induced apoptosis: turning killers into therapeutics.' The sentence only suggests that E2F1 causes apoptosis, but there is no mention of the UBE2L3 gene.",,
10598476,E2F1 gene|E2F1|UBE2L3 interacts with Pharmaceutical Preparations,116,"Here, these findings are highlighted in the context of the most recent follow-up studies that have used apoptotic E2F1 genes as new therapeutics or drug targets, thereby providing insight into the basic mechanisms of E2F1-induced apoptosis and its possible clinical implications.",False,"Is the triple 'E2F1 gene|E2F1|UBE2L3 interacts with Pharmaceutical Preparations' supported by the sentence: 'Here, these findings are highlighted in the context of the most recent follow-up studies that have used apoptotic E2F1 genes as new therapeutics or drug targets, thereby providing insight into the basic mechanisms of E2F1-induced apoptosis and its possible clinical implications.'?","No, the triple 'E2F1 gene|E2F1|UBE2L3 interacts with Pharmaceutical Preparations' is not supported by the sentence. The sentence mentions the E2F1 gene in the context of therapeutics or drug targets, but does not mention UBE2L3 or its interaction with pharmaceutical preparations.",,
10598517,E2F1 gene|E2F1|UBE2L3 causes Apoptosis,116,"Here, these findings are highlighted in the context of the most recent follow-up studies that have used apoptotic E2F1 genes as new therapeutics or drug targets, thereby providing insight into the basic mechanisms of E2F1-induced apoptosis and its possible clinical implications.",False,"Is the triple 'E2F1 gene|E2F1|UBE2L3 causes Apoptosis' supported by the sentence: 'Here, these findings are highlighted in the context of the most recent follow-up studies that have used apoptotic E2F1 genes as new therapeutics or drug targets, thereby providing insight into the basic mechanisms of E2F1-induced apoptosis and its possible clinical implications.'?","No, the triple 'E2F1 gene|E2F1|UBE2L3 causes Apoptosis' is not supported by the sentence. The sentence mentions E2F1-induced apoptosis, but doesn't mention the UBE2L3 gene at all.",,
10599076,Gene Expression process of Scorpaenidae,123,Protein and gene expression of VTG in response to 4-nonylphenol in rockfish (Sebastes schlegeli).,False,Is the triple 'Gene Expression process of Scorpaenidae' supported by the sentence: 'Protein and gene expression of VTG in response to 4-nonylphenol in rockfish (Sebastes schlegeli).'?,"No, the triple 'Gene Expression process of Scorpaenidae' is not supported by the sentence. The sentence discusses gene expression in rockfish (Sebastes schlegeli), but it does not specify that this species belongs to the family Scorpaenidae.",,
10599190,Vitellogenins part of Scorpaenidae,124,"To investigate the in vivo estrogenic activity of 4-nonylphenol (4-NP) on reproductive function, we have measured the expression level of rockfish vitellogenin (rVTG) mRNA, concentration of plasma VTG and levels of plasma estradiol-17beta(E(2)) and testosterone (T) by radioimmunoassay (RIA).",False,"Is the triple 'Vitellogenins part of Scorpaenidae' supported by the sentence: 'To investigate the in vivo estrogenic activity of 4-nonylphenol (4-NP) on reproductive function, we have measured the expression level of rockfish vitellogenin (rVTG) mRNA, concentration of plasma VTG and levels of plasma estradiol-17beta(E(2)) and testosterone (T) by radioimmunoassay (RIA).'?","No, the triple 'Vitellogenins part of Scorpaenidae' is not supported by the sentence. The sentence mentions the term 'vitellogenin' in the context of rockfish while studying the in vivo estrogenic activity of 4-nonylphenol, but it doesn't relate it to Scorpaenidae, which is a family of fish that includes rockfish.",,
10599329,Vitellogenins part of Scorpaenidae,125,"An rVTG mRNA transcript of approximately 4.0 kb was extracted from hepatic tissue for Northern blot analysis, and the effects of 4-NP on rVTG mRNA expression in vivo with both male and female juvenile rockfish were examined.",False,"Is the triple 'Vitellogenins part of Scorpaenidae' supported by the sentence: 'An rVTG mRNA transcript of approximately 4.0 kb was extracted from hepatic tissue for Northern blot analysis, and the effects of 4-NP on rVTG mRNA expression in vivo with both male and female juvenile rockfish were examined.'?","No, the triple 'Vitellogenins part of Scorpaenidae' is not supported by the sentence. The sentence mentions vitellogenins (rVTG mRNA) and rockfish, but does not explicitly state that vitellogenins is part of Scorpaenidae (the family that rockfish belong to).",,
10599368,Vitellogenins part of Scorpaenidae,125,"An rVTG mRNA transcript of approximately 4.0 kb was extracted from hepatic tissue for Northern blot analysis, and the effects of 4-NP on rVTG mRNA expression in vivo with both male and female juvenile rockfish were examined.",False,"Is the triple 'Vitellogenins part of Scorpaenidae' supported by the sentence: 'An rVTG mRNA transcript of approximately 4.0 kb was extracted from hepatic tissue for Northern blot analysis, and the effects of 4-NP on rVTG mRNA expression in vivo with both male and female juvenile rockfish were examined.'?","No, the triple 'Vitellogenins part of Scorpaenidae' is not supported by the sentence. The sentence discusses the extraction and analysis of an rVTG mRNA transcript from hepatic tissue but makes no mention of vitellogenins being part of the Scorpaenidae family.",,
10599395,Vitellogenins affects No past history,125,"An rVTG mRNA transcript of approximately 4.0 kb was extracted from hepatic tissue for Northern blot analysis, and the effects of 4-NP on rVTG mRNA expression in vivo with both male and female juvenile rockfish were examined.",False,"Is the triple 'Vitellogenins affects No past history' supported by the sentence: 'An rVTG mRNA transcript of approximately 4.0 kb was extracted from hepatic tissue for Northern blot analysis, and the effects of 4-NP on rVTG mRNA expression in vivo with both male and female juvenile rockfish were examined.'?","No, the triple 'Vitellogenins affects No past history' is not supported by the sentence.",,
10599484,Vitellogenins part of Scorpaenidae,126,The level of rVTG mRNA expression was increased 48 h after injection with 4-NP of 10 mg/kg body mass and after injection in both male and female rockfish.,False,Is the triple 'Vitellogenins part of Scorpaenidae' supported by the sentence: 'The level of rVTG mRNA expression was increased 48 h after injection with 4-NP of 10 mg/kg body mass and after injection in both male and female rockfish.'?,"No, the sentence does not support the triple 'Vitellogenins part of Scorpaenidae'. The sentence does mention 'rVTG mRNA' which is related to vitellogenins, and it refers to rockfish, which are part of the Scorpaenidae family, but it does not specifically establish a connection or relationship between Vitellogenins and Scorpaenidae.",,
10599560,Vitellogenins part of Scorpaenidae,127,"The level of rVTG mRNA expression was increased 24 h after injection in male rockfish injected with 4-NP of 25 mg/kg body mass, while the level of rVTG mRNA expression was increased 12h after injection in female injected with same dosage.",False,"Is the triple 'Vitellogenins part of Scorpaenidae' supported by the sentence: 'The level of rVTG mRNA expression was increased 24 h after injection in male rockfish injected with 4-NP of 25 mg/kg body mass, while the level of rVTG mRNA expression was increased 12h after injection in female injected with same dosage.'?","No, the triple 'Vitellogenins part of Scorpaenidae' is not supported by the sentence. The sentence discusses the level of rVTG mRNA expression in rockfish after injection with 4-NP, but does not mention vitellogenins being part of Scorpaenidae.",,
10599602,Vitellogenins part of Scorpaenidae,127,"The level of rVTG mRNA expression was increased 24 h after injection in male rockfish injected with 4-NP of 25 mg/kg body mass, while the level of rVTG mRNA expression was increased 12h after injection in female injected with same dosage.",False,"Is the triple 'Vitellogenins part of Scorpaenidae' supported by the sentence: 'The level of rVTG mRNA expression was increased 24 h after injection in male rockfish injected with 4-NP of 25 mg/kg body mass, while the level of rVTG mRNA expression was increased 12h after injection in female injected with same dosage.'?","No, the triple 'Vitellogenins part of Scorpaenidae' is not supported by the sentence. The sentence talks about rVTG mRNA expression in rockfish after injection, but doesn't relate 'Vitellogenins' directly to 'Scorpaenidae', the family to which rockfish belong.",,
10599653,Injection procedure treats Female,127,"The level of rVTG mRNA expression was increased 24 h after injection in male rockfish injected with 4-NP of 25 mg/kg body mass, while the level of rVTG mRNA expression was increased 12h after injection in female injected with same dosage.",False,"Is the triple 'Injection procedure treats Female' supported by the sentence: 'The level of rVTG mRNA expression was increased 24 h after injection in male rockfish injected with 4-NP of 25 mg/kg body mass, while the level of rVTG mRNA expression was increased 12h after injection in female injected with same dosage.'?","No, the triple 'Injection procedure treats Female' is not supported by the sentence. The sentence suggests that the injection procedure impacts male and female rockfish, but does not explicitly state that it is used to treat females.",,
10599747,Vitellogenins part of Scorpaenidae,128,"Concentrations of plasma rVTG in female injected with 4-NP of 10 and 25 mg/kg b.w. were increased 72 h after injection and reached 35 and 66 mg/mL, respectively.",False,"Is the triple 'Vitellogenins part of Scorpaenidae' supported by the sentence: 'Concentrations of plasma rVTG in female injected with 4-NP of 10 and 25 mg/kg b.w. were increased 72 h after injection and reached 35 and 66 mg/mL, respectively.'?","No, the sentence does not support the triple 'Vitellogenins part of Scorpaenidae'. There is no mention of Vitellogenins or Scorpaenidae in the sentence.",,
10599840,Vitellogenins part of Scorpaenidae,129,"In male, rVTG concentrations with the dosage of 25 mg/kg body mass were increased 72 h after injection and reached to 14 and 65 mg/mL at 168 h, respectively.",False,"Is the triple 'Vitellogenins part of Scorpaenidae' supported by the sentence: 'In male, rVTG concentrations with the dosage of 25 mg/kg body mass were increased 72 h after injection and reached to 14 and 65 mg/mL at 168 h, respectively.'?","No, the sentence doesn't support the triple 'Vitellogenins part of Scorpaenidae'.",,
10600338,Homologous Gene part of Hemicentrotus pulcherrimus,141,"Developmental expression of HpNanos, the Hemicentrotus pulcherrimus homologue of nanos.",True,"Is the triple 'Homologous Gene part of Hemicentrotus pulcherrimus' supported by the sentence: 'Developmental expression of HpNanos, the Hemicentrotus pulcherrimus homologue of nanos.'?","Yes, the triple 'Homologous Gene part of Hemicentrotus pulcherrimus' is supported by the sentence. The HpNanos gene is identified as the Hemicentrotus pulcherrimus homologue of nanos, indicating it is a homologous gene part of Hemicentrotus pulcherrimus.",,
10600422,cDNA Library part of Gastrula,142,"The Hemicentrotus pulcherrimus homologue of nanos (HpNanos), that encodes a protein containing two CCHC zinc finger motifs, was isolated from a gastrula cDNA library.",True,"Is the triple 'cDNA Library part of Gastrula' supported by the sentence: 'The Hemicentrotus pulcherrimus homologue of nanos (HpNanos), that encodes a protein containing two CCHC zinc finger motifs, was isolated from a gastrula cDNA library.'?","Yes, the triple 'cDNA Library part of Gastrula' is supported by the sentence. The sentence indicates that HpNanos was isolated from a gastrula cDNA library, which implies that the cDNA library is part of the gastrula.",,
10600456,Homologous Gene part of Hemicentrotus pulcherrimus,142,"The Hemicentrotus pulcherrimus homologue of nanos (HpNanos), that encodes a protein containing two CCHC zinc finger motifs, was isolated from a gastrula cDNA library.",True,"Is the triple 'Homologous Gene part of Hemicentrotus pulcherrimus' supported by the sentence: 'The Hemicentrotus pulcherrimus homologue of nanos (HpNanos), that encodes a protein containing two CCHC zinc finger motifs, was isolated from a gastrula cDNA library.'?","Yes, the triple 'Homologous Gene part of Hemicentrotus pulcherrimus' is supported by the sentence. The sentence describes the HpNanos homologue (a homologous gene) as a part of Hemicentrotus pulcherrimus.",,
10600542,Blastocyst structure part of Mesenchyma,144,"Developmental northern blot analysis revealed that HpNanos mRNA markedly accumulated during the blastula stages, and then decreased in abundance at the mesenchyme blastula stage.",False,"Is the triple 'Blastocyst structure part of Mesenchyma' supported by the sentence: 'Developmental northern blot analysis revealed that HpNanos mRNA markedly accumulated during the blastula stages, and then decreased in abundance at the mesenchyme blastula stage.'?","No, the sentence does not support the triple 'Blastocyst structure part of Mesenchyma'. It only mentions that HpNanos mRNA decreased in abundance at the mesenchyme blastula stage. It does not imply that blastocyst is a part of mesenchyma.",,
10600645,In Situ Hybridization uses Mounts,146,Whole-mount in situ hybridization showed that the HpNanos was exclusively expressed in four to six small micromere-descendant cells at the blastula stage.,False,Is the triple 'In Situ Hybridization uses Mounts' supported by the sentence: 'Whole-mount in situ hybridization showed that the HpNanos was exclusively expressed in four to six small micromere-descendant cells at the blastula stage.'?,No,,
10600813,Embryo location of PPY,151,"PPYR1 displays a biphasic expression pattern: the maternal protein is abundant in the developing egg chambers and in the early embryos, while the zygotic protein appears later in development and is localized specifically in the testes of the males.",False,"Is the triple 'Embryo location of PPY' supported by the sentence: 'PPYR1 displays a biphasic expression pattern: the maternal protein is abundant in the developing egg chambers and in the early embryos, while the zygotic protein appears later in development and is localized specifically in the testes of the males.'?","No, the triple 'Embryo location of PPY' is not supported by the sentence. The sentence mentions PPYR1, not PPY, and it specifies that it is abundant in early embryos, without specifying a particular location within the embryo.",,
10600845,Inferior Colliculus part of Males,151,"PPYR1 displays a biphasic expression pattern: the maternal protein is abundant in the developing egg chambers and in the early embryos, while the zygotic protein appears later in development and is localized specifically in the testes of the males.",False,"Is the triple 'Inferior Colliculus part of Males' supported by the sentence: 'PPYR1 displays a biphasic expression pattern: the maternal protein is abundant in the developing egg chambers and in the early embryos, while the zygotic protein appears later in development and is localized specifically in the testes of the males.'?","No, the triple 'Inferior Colliculus part of Males' is not supported by the sentence. The sentence does not mention anything about 'Inferior Colliculus'.",,
10600962,PPY part of Mothers,153,The maternal PPYR1 is localized in the cytoplasm of the follicular and nurse cells and is deposited as a ribonucleoprotein complex in the oocyte.,True,Is the triple 'PPY part of Mothers' supported by the sentence: 'The maternal PPYR1 is localized in the cytoplasm of the follicular and nurse cells and is deposited as a ribonucleoprotein complex in the oocyte.'?,"Yes, the triple 'PPY part of Mothers' is supported by the sentence since it mentions 'the maternal PPYR1', where 'maternal' can be interpreted as 'mothers''.",,
10600997,Cells part of Nurses,153,The maternal PPYR1 is localized in the cytoplasm of the follicular and nurse cells and is deposited as a ribonucleoprotein complex in the oocyte.,True,Is the triple 'Cells part of Nurses' supported by the sentence: 'The maternal PPYR1 is localized in the cytoplasm of the follicular and nurse cells and is deposited as a ribonucleoprotein complex in the oocyte.'?,"Yes, the triple 'Cells part of Nurses' is supported by the sentence as it mentions ""nurse cells"".",,
10601037,Cytoplasm location of PPY,153,The maternal PPYR1 is localized in the cytoplasm of the follicular and nurse cells and is deposited as a ribonucleoprotein complex in the oocyte.,True,Is the triple 'Cytoplasm location of PPY' supported by the sentence: 'The maternal PPYR1 is localized in the cytoplasm of the follicular and nurse cells and is deposited as a ribonucleoprotein complex in the oocyte.'?,"Yes, the triple 'Cytoplasm location of PPY' is supported by the sentence. The sentence explicitly states that the maternal PPYR1 (which is a type of PPY) is localized in the cytoplasm of the follicular and nurse cells.",,
10601150,Cytoplasm part of Spermatocytes,155,"Zygotic PPYR1 is expressed exclusively in the testes, predominantly in the cytoplasm of the spermatocytes.",True,"Is the triple 'Cytoplasm part of Spermatocytes' supported by the sentence: 'Zygotic PPYR1 is expressed exclusively in the testes, predominantly in the cytoplasm of the spermatocytes.'?","Yes, the triple 'Cytoplasm part of Spermatocytes' is supported by the sentence.",,
10601184,Inferior Colliculus location of PPY,155,"Zygotic PPYR1 is expressed exclusively in the testes, predominantly in the cytoplasm of the spermatocytes.",False,"Is the triple 'Inferior Colliculus location of PPY' supported by the sentence: 'Zygotic PPYR1 is expressed exclusively in the testes, predominantly in the cytoplasm of the spermatocytes.'?","No, the sentence does not support the triple 'Inferior Colliculus location of PPY'. The sentence mentions that PPYR1, which could be a related but different protein, is located in the testes and in the cytoplasm of spermatocytes, not in the Inferior Colliculus.",,
10601265,Cell Nucleus part of Cells,156,PPY is localized in the nuclei of the same cells.,True,Is the triple 'Cell Nucleus part of Cells' supported by the sentence: 'PPY is localized in the nuclei of the same cells.'?,Yes,,
10601441,Column location of Diastasis,160,"Phenacetin was chosen as the internal standard, and the separation was achieved on a C18 column with methanol and 0.02 M phosphate buffer (pH 3.2) as mobile phase.",False,"Is the triple 'Column location of Diastasis' supported by the sentence: 'Phenacetin was chosen as the internal standard, and the separation was achieved on a C18 column with methanol and 0.02 M phosphate buffer (pH 3.2) as mobile phase.'?","No, the triple 'Column location of Diastasis' is not supported by the sentence. The sentence does not provide information about 'Diastasis' or its location in a column.",,
10601592,Drug Kinetics process of Rattus norvegicus,163,This method can be used to study the pharmacokinetics of AKF-PD in rat.,False,Is the triple 'Drug Kinetics process of Rattus norvegicus' supported by the sentence: 'This method can be used to study the pharmacokinetics of AKF-PD in rat.'?,"No, the triple 'Drug Kinetics process of Rattus norvegicus' is not directly supported by the sentence. The sentence references the pharmacokinetics of a specific drug (AKF-PD) in rats, but it doesn't confirm this as a general drug kinetics process for all rats (Rattus norvegicus).",,
10601714,Glycosaminoglycans is a Polysaccharides,165,"Complex polysaccharides, glycosaminoglycans (GAGs), are a class of ubiquitous macromolecules exhibiting a wide range of biological functions.",True,"Is the triple 'Glycosaminoglycans is a Polysaccharides' supported by the sentence: 'Complex polysaccharides, glycosaminoglycans (GAGs), are a class of ubiquitous macromolecules exhibiting a wide range of biological functions.'?","Yes, the triple 'Glycosaminoglycans is a Polysaccharides' is supported by the sentence. The sentence confirms that glycosaminoglycans (GAGs) are a class of complex polysaccharides.",,
10601803,Extracellular Matrix location of Proteoglycan,166,They are widely distributed as sidechains of proteoglycans (PGs) in the extracellular matrix and at cellular level.,True,Is the triple 'Extracellular Matrix location of Proteoglycan' supported by the sentence: 'They are widely distributed as sidechains of proteoglycans (PGs) in the extracellular matrix and at cellular level.'?,"Yes, the triple 'Extracellular Matrix location of Proteoglycan' is supported by the sentence. The text mentions that proteoglycans are located in the extracellular matrix.",,
10601941,GAG Gene converts to Glycosaminoglycans,168,"Analytical electrophoretic separation techniques, including agarose-gel, capillary electrophoresis (HPCE) and fluorophore-assisted carbohydrate electrophoresis (FACE), of GAGs and GAG-derived oligosaccharides have been employed for the structural analysis and quantification of hyaluronic acid (HA), chondroitin sulfate (CS), dermatan sulfate (DS), keratan sulfate (KS), heparan sulfate (HS), heparin (Hep) and acidic bacterial polysaccharides.",False,"Is the triple 'GAG Gene converts to Glycosaminoglycans' supported by the sentence: 'Analytical electrophoretic separation techniques, including agarose-gel, capillary electrophoresis (HPCE) and fluorophore-assisted carbohydrate electrophoresis (FACE), of GAGs and GAG-derived oligosaccharides have been employed for the structural analysis and quantification of hyaluronic acid (HA), chondroitin sulfate (CS), dermatan sulfate (DS), keratan sulfate (KS), heparan sulfate (HS), heparin (Hep) and acidic bacterial polysaccharides.'?","No, the sentence does not support the triple 'GAG Gene converts to Glycosaminoglycans'. The sentence discusses techniques used for the analysis of various compounds, including glycosaminoglycans (GAGs), but does not mention the GAG gene or the conversion of the GAG gene to glycosaminoglycans.",,
10602109,Enzymes interacts with Glycosaminoglycans,169,"Furthermore, recent developments in the electrophoretic separation and detection of unsaturated disaccharides and oligosaccharides derived from GAGs by enzymatic or chemical degradation have made it possible to examine alterations of GAGs with respect to their amounts and fine structural features in various pathological conditions, thus becoming applicable for diagnosis.",True,"Is the triple 'Enzymes interacts with Glycosaminoglycans' supported by the sentence: 'Furthermore, recent developments in the electrophoretic separation and detection of unsaturated disaccharides and oligosaccharides derived from GAGs by enzymatic or chemical degradation have made it possible to examine alterations of GAGs with respect to their amounts and fine structural features in various pathological conditions, thus becoming applicable for diagnosis.'?","Yes, the triple 'Enzymes interacts with Glycosaminoglycans' is supported by the sentence as it discusses the enzymatic degradation of Glycosaminoglycans (GAGs), implying interaction between enzymes and GAGs.",,
10602147,Chemicals interacts with Glycosaminoglycans,169,"Furthermore, recent developments in the electrophoretic separation and detection of unsaturated disaccharides and oligosaccharides derived from GAGs by enzymatic or chemical degradation have made it possible to examine alterations of GAGs with respect to their amounts and fine structural features in various pathological conditions, thus becoming applicable for diagnosis.",False,"Is the triple 'Chemicals interacts with Glycosaminoglycans' supported by the sentence: 'Furthermore, recent developments in the electrophoretic separation and detection of unsaturated disaccharides and oligosaccharides derived from GAGs by enzymatic or chemical degradation have made it possible to examine alterations of GAGs with respect to their amounts and fine structural features in various pathological conditions, thus becoming applicable for diagnosis.'?","No, the sentence does not explicitly state that chemicals interact with glycosaminoglycans (GAGs). It mentions enzymatic or chemical degradation of GAGs, but does not specify that this is an interaction.",,
10602185,Glycosaminoglycans converts to Disaccharides,169,"Furthermore, recent developments in the electrophoretic separation and detection of unsaturated disaccharides and oligosaccharides derived from GAGs by enzymatic or chemical degradation have made it possible to examine alterations of GAGs with respect to their amounts and fine structural features in various pathological conditions, thus becoming applicable for diagnosis.",True,"Is the triple 'Glycosaminoglycans converts to Disaccharides' supported by the sentence: 'Furthermore, recent developments in the electrophoretic separation and detection of unsaturated disaccharides and oligosaccharides derived from GAGs by enzymatic or chemical degradation have made it possible to examine alterations of GAGs with respect to their amounts and fine structural features in various pathological conditions, thus becoming applicable for diagnosis.'?","Yes, the triple is supported by the sentence. The sentence talks about degrading Glycosaminoglycans (GAGs) into unsaturated disaccharides and oligosaccharides, which implies conversion.",,
10602215,Glycosaminoglycans converts to Oligosaccharides,169,"Furthermore, recent developments in the electrophoretic separation and detection of unsaturated disaccharides and oligosaccharides derived from GAGs by enzymatic or chemical degradation have made it possible to examine alterations of GAGs with respect to their amounts and fine structural features in various pathological conditions, thus becoming applicable for diagnosis.",True,"Is the triple 'Glycosaminoglycans converts to Oligosaccharides' supported by the sentence: 'Furthermore, recent developments in the electrophoretic separation and detection of unsaturated disaccharides and oligosaccharides derived from GAGs by enzymatic or chemical degradation have made it possible to examine alterations of GAGs with respect to their amounts and fine structural features in various pathological conditions, thus becoming applicable for diagnosis.'?","Yes, the triple ""Glycosaminoglycans converts to Oligosaccharides"" is supported by the sentence. It mentions that oligosaccharides are derived from GAGs (Glycosaminoglycans) by enzymatic or chemical degradation, which implies a conversion or transformation process.",,
10602419,Diabetes process of Patients,173,"Aim of this study was to set up a method by capillary electrophoresis to detect lactulose and mannitol in urine after an oral load, and to estimate the intestinal permeability in controls and in type I diabetes patients.",False,"Is the triple 'Diabetes process of Patients' supported by the sentence: 'Aim of this study was to set up a method by capillary electrophoresis to detect lactulose and mannitol in urine after an oral load, and to estimate the intestinal permeability in controls and in type I diabetes patients.'?","No, the triple 'Diabetes process of Patients' is not supported by the sentence. The sentence discusses a study that aimed to set up a method for detecting lactulose and mannitol in urine and estimate the intestinal permeability in controls and in type I diabetes patients, not about the process of diabetes in patients.",,
10602491,Detection uses Sorbate,174,"The underivatized carbohydrates were monitored by indirect UV detection using sorbate, cetyltrimethylammonium bromide and LiOH as background electrolyte.",True,"Is the triple 'Detection uses Sorbate' supported by the sentence: 'The underivatized carbohydrates were monitored by indirect UV detection using sorbate, cetyltrimethylammonium bromide and LiOH as background electrolyte.'?","Yes, the triple 'Detection uses Sorbate' is supported by the sentence.",,
10602733,Atrial Flutter is a Tachycardia,182,"It should be distinguished from other types of tachycardia - such as atrial flutter, atrial ectopic tachycardia, permanent junctional re-entry tachycardia, and ventricular tachycardia.",True,"Is the triple 'Atrial Flutter is a Tachycardia' supported by the sentence: 'It should be distinguished from other types of tachycardia - such as atrial flutter, atrial ectopic tachycardia, permanent junctional re-entry tachycardia, and ventricular tachycardia.'?","Yes, the triple 'Atrial Flutter is a Tachycardia' is supported by the sentence as it mentions atrial flutter as a type of tachycardia.",,
10602764,"Tachycardia, Ectopic Atrial is a Tachycardia",182,"It should be distinguished from other types of tachycardia - such as atrial flutter, atrial ectopic tachycardia, permanent junctional re-entry tachycardia, and ventricular tachycardia.",True,"Is the triple 'Tachycardia, Ectopic Atrial is a Tachycardia' supported by the sentence: 'It should be distinguished from other types of tachycardia - such as atrial flutter, atrial ectopic tachycardia, permanent junctional re-entry tachycardia, and ventricular tachycardia.'?",Yes,,
10602804,"Tachycardia, Ectopic Junctional is a Tachycardia",182,"It should be distinguished from other types of tachycardia - such as atrial flutter, atrial ectopic tachycardia, permanent junctional re-entry tachycardia, and ventricular tachycardia.",False,"Is the triple 'Tachycardia, Ectopic Junctional is a Tachycardia' supported by the sentence: 'It should be distinguished from other types of tachycardia - such as atrial flutter, atrial ectopic tachycardia, permanent junctional re-entry tachycardia, and ventricular tachycardia.'?","No, the triple 'Tachycardia, Ectopic Junctional is a Tachycardia' is not supported by the sentence. The sentence mentions atrial ectopic tachycardia and permanent junctional re-entry tachycardia as types of tachycardia, but it does not specify that ectopic junctional is a type of tachycardia.",,
10602837,"Tachycardia, Ventricular is a Tachycardia",182,"It should be distinguished from other types of tachycardia - such as atrial flutter, atrial ectopic tachycardia, permanent junctional re-entry tachycardia, and ventricular tachycardia.",True,"Is the triple 'Tachycardia, Ventricular is a Tachycardia' supported by the sentence: 'It should be distinguished from other types of tachycardia - such as atrial flutter, atrial ectopic tachycardia, permanent junctional re-entry tachycardia, and ventricular tachycardia.'?",Yes,,
10603013,"PTH protein, human|PTH associated with osteosarcoma",187,"The American Food and Drug Administration approval of parathyroid hormone (PTH) administration for osteoporosis as well as the possibility for its future therapeutic applications requires an examination of the suggested association between PTH and cancer, particularly osteosarcomas.",False,"Is the triple 'PTH protein, human|PTH associated with osteosarcoma' supported by the sentence: 'The American Food and Drug Administration approval of parathyroid hormone (PTH) administration for osteoporosis as well as the possibility for its future therapeutic applications requires an examination of the suggested association between PTH and cancer, particularly osteosarcomas.'?","No, the sentence does not support the triple 'PTH protein, human|PTH associated with osteosarcoma'. It only suggests a potential association between PTH and cancer, particularly osteosarcomas, but does not confirm it.",,
10603029,osteosarcoma is a Malignant Neoplasms,187,"The American Food and Drug Administration approval of parathyroid hormone (PTH) administration for osteoporosis as well as the possibility for its future therapeutic applications requires an examination of the suggested association between PTH and cancer, particularly osteosarcomas.",False,"Is the triple 'osteosarcoma is a Malignant Neoplasms' supported by the sentence: 'The American Food and Drug Administration approval of parathyroid hormone (PTH) administration for osteoporosis as well as the possibility for its future therapeutic applications requires an examination of the suggested association between PTH and cancer, particularly osteosarcomas.'?","No, the sentence does not support the triple 'osteosarcoma is a Malignant Neoplasms'.",,
10603069,"PTH protein, human|PTH associated with Malignant Neoplasms",187,"The American Food and Drug Administration approval of parathyroid hormone (PTH) administration for osteoporosis as well as the possibility for its future therapeutic applications requires an examination of the suggested association between PTH and cancer, particularly osteosarcomas.",True,"Is the triple 'PTH protein, human|PTH associated with Malignant Neoplasms' supported by the sentence: 'The American Food and Drug Administration approval of parathyroid hormone (PTH) administration for osteoporosis as well as the possibility for its future therapeutic applications requires an examination of the suggested association between PTH and cancer, particularly osteosarcomas.'?","Yes, the triple 'PTH protein, human|PTH associated with Malignant Neoplasms' is supported by the sentence. The sentence suggests a potential association between PTH and cancer, which is a malignant neoplasm.",,
10603164,"Hyperparathyroidism, Primary process of Patients",189,"Cohort 1: Medical records of all patients with primary hyperparathyroidism that were treated in a referral center during a 12-year period were retrospectively reviewed for malignancy before, at the time or after diagnosis.",True,"Is the triple 'Hyperparathyroidism, Primary process of Patients' supported by the sentence: 'Cohort 1: Medical records of all patients with primary hyperparathyroidism that were treated in a referral center during a 12-year period were retrospectively reviewed for malignancy before, at the time or after diagnosis.'?","Yes, the triple 'Hyperparathyroidism, Primary process of Patients' is supported by the sentence. It mentions 'patients with primary hyperparathyroidism', which is a direct match for the triple.",,
10603247,osteosarcoma process of Patients,190,"Cohort 2: Records of patients with osteosarcomas that were treated in referral centers during 15 years were retrospectively reviewed for hyperparathyroidism, as indicated by history or laboratory results.",True,"Is the triple 'osteosarcoma process of Patients' supported by the sentence: 'Cohort 2: Records of patients with osteosarcomas that were treated in referral centers during 15 years were retrospectively reviewed for hyperparathyroidism, as indicated by history or laboratory results.'?","Yes, the triple 'osteosarcoma process of Patients' is supported by the sentence. It discusses the treatment process of patients with osteosarcomas in referral centers during 15 years.",,
10603339,"Hyperparathyroidism, Primary process of Patients",191,There were 582 patients with primary hyperparathyroidism.,True,"Is the triple 'Hyperparathyroidism, Primary process of Patients' supported by the sentence: 'There were 582 patients with primary hyperparathyroidism.'?","Yes, the triple 'Hyperparathyroidism, Primary process of Patients' is supported by the sentence.",,
10603447,Malignant Neoplasms neg occurs in General Population,193,This rate did not exceed the incidence of developing cancer among the general population.,False,Is the triple 'Malignant Neoplasms neg occurs in General Population' supported by the sentence: 'This rate did not exceed the incidence of developing cancer among the general population.'?,"No, the triple 'Malignant Neoplasms neg occurs in General Population' is not supported by the sentence. The sentence says that the rate did not exceed the incidence in the general population but it does not suggest that malignant neoplasms (cancer) do not occur in the general population.",,
10603538,Disease occurs in General Population,194,"Although thyroid cancer was about 4 times the incidence in the general population, this may be attributed to a high level of detection while work-up, treating and following the parathyroid disease.",True,"Is the triple 'Disease occurs in General Population' supported by the sentence: 'Although thyroid cancer was about 4 times the incidence in the general population, this may be attributed to a high level of detection while work-up, treating and following the parathyroid disease.'?",Yes,,
